party,name,riding,twitter_handle
NDP,Anna Betty  Achneepineskum,Thunder Bay--Superior North,
NDP,Jerome  Adamo,Oakville,Jerome4Oakville
NDP,Malcolm  Allen,Niagara Centre,NDPMalcolmAllen
NDP,Randy  Anderson-Fennell,Delta,unsung32
NDP,Charlie Angus,Timmins–James Bay,CharlieAngusNDP
NDP,Niki  Ashton,Churchill—Keewatinook Aski,nikiashton
NDP,Robert  Aubin,Trois-Rivières,
NDP,Taylor Bachrach,Skeena—Bulkley Valley,taylorbachrach
NDP,Brian  Barker,Niagara Falls,bbarker77
NDP,Justine Bell,North Vancouver,justinegbell
NDP,Stephanie  Bell,Bay of Quinte,
NDP,Sheri Benson,Saskatoon West,sherirbenson
NDP,Daniel Blaikie,Elmwood—Transcona,daniel_blaikie
NDP,Rachel Blaney,North Island—Powell River,RABlaney
NDP,Shandi Bleiken,Lethbridge,ShandiBleiken
NDP,Alexandre  Boulerice,Rosemont--La-Petite-Patrie,
NDP,Ruth Ellen  Brosseau,Berthier--Maskinongé,
NDP,Lori  Campbell,Waterloo,campbelllor
NDP,Richard Cannings,South Okanagan—West Kootenay,CanningsNDP
NDP,Claire Card,Saskatoon–University,ClaireCard
NDP,Guy Caron,Rimouski-Neigette–Témiscouata–Les Basques,GuyCaronNPD
NDP,Andrew Cash,Davenport,andrewcash
NDP,Bob  Chamberlin,Nanaimo—Ladysmith,ChiefBobbyc
NDP,Matthew  Chambers,Oxford,MatthewNewDem
NDP,Brian  Chang,Toronto Centre,
NDP,Yan Chen,Scarborough North,YanChenNDP
NDP,François Choquette,Drummond,F_Choquette
NDP,Allison Cillis,Flamborough–Glanbrook,allisoncillis
NDP,Nikki Clarke,Mississauga–Malton,
NDP,Melissa Coenraad,Kanata–Carleton,MelissaCoenraad
NDP,Laurel Collins,Victoria,laurel_bc
NDP,Don Davies,Vancouver Kingsway,DonDavies
NDP,Barbara Doyle,Haliburton–Kawartha Lakes–Brock,doylehklb
NDP,Matthew  Dubé,Beloeil–Chambly,MattDube
NDP,Lenaee  Dupuis,Burlington,
NDP,Pierre-Luc Dusseault,Sherbrooke,PLDusseault
NDP,Scott Duvall,Hamilton Mountain,sduvall07
NDP,Zahia  El Masri,Ahuntsic-Cartierville,
NDP,Naiima  Farah,Etobicoke North,
NDP,Randall  Garrison,Esquimalt—Saanich—Sooke,r_garrison
NDP,Morgan  Gay,Ottawa South,
NDP,Leah Gazan,Winnipeg Centre,leahgazan
NDP,Denise  Giroux,Pontiac,
NDP,Joan  Gottman,Salaberry–Suroît,
NDP,Christina  Gower,Coquitlam–Port Coquitlam,ChristinaGower4
NDP,Matthew  Green,Hamilton Centre,
NDP,Scott Hamilton,Cambridge,hamiltoncbridge
NDP,Yvonne  Hanson,Vancouver Granville,YVR_Hanson
NDP,Cheryl  Hardcastle,Windsor–Tecumseh,chardcastlendp
NDP,Jack Harris,St. John's East,jackharrisndp
NDP,Jessika  Hepburn,South Shore—St. Margaret's,
NDP,Kevin  Hua,Carleton,HuaForCarleton
NDP,Carol Hughes,Algoma—Manitoulin—Kapuskasing,carolhughesmp
NDP,Mae  J. Nam,Beaches–East York,maejnam
NDP,Aisha  Jahangir,Guelph,
NDP,Dan Janssen,Barrie-Springwater-Oro-Medonte,iamdanj
NDP,Sylvie  Jetté,Brome–Missisquoi,
NDP,Andrea Vasquez  Jimenez,York Centre,
NDP,Gord  Johns,Courtenay-Alberni,
NDP,Georgina Jolibois,Desnethé--Missinippi--Churchill River,
NDP,Peter Julian,New Westminster—Burnaby,MPJulian
NDP,Navjit Kaur,Brampton West,navjitkaurndp
NDP,Mandeep Kaur,Brampton South,mandeepndp
NDP,Yvonne  Kelly,Newmarket–Aurora,
NDP,Leigh  Kenny,Vancouver Quadra,
NDP,Adam  Kilner,Sarnia—Lambton,AdamKilnerNDP
NDP,Geoff Krauter,Perth–Wellington,geoffkndp
NDP,Evan  Krosney,Kildonan – St. Paul,evankrosney
NDP,Justin Kulik,Kelowna–Lake Country,JustinKulik
NDP,Jenny Kwan,Vancouver East,JennyKwanBC
NDP,Min Sook Lee,Toronto—Danforth,minsooklee
NDP,Justin Lemphers,Yukon,
NDP,Shawna Lewkowitz,London West,shawnalewk
NDP,Amanda  MacDonald,Vaudreuil--Soulanges,
NDP,Betsy MacDonald,Central Nova,BetsyNDP
NDP,Laurel  MacDowell,Don Valley West,Isefty
NDP,Angella  MacEwen,Ottawa West--Nepean,
NDP,Alistair  MacGregor,Cowichan-Malahat-Langford,
NDP,Nimâ Machouf,Laurier–Sainte-Marie,nimamachoufnpd
NDP,Konstantine Malakos,Glengarry—Prescott—Russell,kmalakos
NDP,Yousaf  Malik,Hamilton West—Ancaster—Dundas,YousafMalikNDP
NDP,Kyle  Mason,Winnipeg North,
NDP,Brian Masse,Windsor West,BrianMasseMP
NDP,Lindsay Mathyssen,London—Fanshawe,lmathys
NDP,Sara  McCleary,Sault Ste. Marie,saramcclearyndp
NDP,Jessa  McLean,York--Simcoe,
NDP,Heather McPherson,Edmonton Strathcona,
NDP,Stéphanie  Mercier,Ottawa--Vanier,
NDP,Nick  Milanovic,Hamilton East Stoney Creek,
NDP,Andrew Moraga,Kitchener Centre,andrew_moraga
NDP,Gina  Myhill-Jones,Kamloops--Thompson--Cariboo,
NDP,Pierre  Nantel,Longueuil—Saint-Hubert,pierrenantel
NDP,Alexandra  Nash,Eglinton–Lawrence,_AlexNash
NDP,Emma Norton,Dartmouth—Cole Harbour,EmmaNorton4DCH
NDP,Annie  Ohana,Fleetwood–Port Kells,
NDP,Stef  Paquette,Nickel Belt,
NDP,Jigar Patel,Regina–Lewvan,
NDP,Chu Anh Pham,Honoré-Mercier,ChuAnhPham
NDP,Joan  Phillip,Central Okanagan–Similkameen–Nicola,NdpJoan
NDP,Raymonde  Plamondon,Shefford,
NDP,Dirka Prout,London North Centre,DirkaProut
NDP,Wasai Rahimi,Kitchener South–Hespeler,WasaiRahimi
NDP,Tracey Ramsey,Essex,traceyram
NDP,Talon Regent,Moose Jaw–Lake Centre–Lanigan,
NDP,Svend  Robinson,Burnaby North-Seymour,
NDP,Catheryn  Roy-Goyette,Hochelaga,
NDP,Harwinder  Sandhu,North Okanagan-Shuswap,
NDP,Brigitte Sansoucy,Saint-Hyacinthe–Bagot,bsansoucynpd
NDP,Sarjit  Saran,Surrey Centre,SaranSarjit
NDP,Christine Saulnier,Halifax,cmysaul
NDP,Madeleine Sauvé,Abbotsford,MadeleineSauve
NDP,Sabrina  Sawyer,Brantford--Brant,
NDP,Stephen Schneider,Kings--Hants,
NDP,Candace  Shaw,Peterborough-Kawartha,candaceshawNDP
NDP,Jagmeet Singh,Burnaby South,theJagmeetSingh
NDP,Saranjit Singh,Brampton East,SaranjitSingh_
NDP,Sabina  Singh,Saanich–Gulf Islands,Sabina4SGI
NDP,Harjit  Singh Gill,Surrey-Newton,
NDP,Ken  St.George,Charleswood–St. James–Assiniboia–Headingley,kenstg4council
NDP,Chris  Stephen,Bruce-Grey-Owen Sound,
NDP,Wayne Stetski,Kootenay—Columbia,WayneStetski
NDP,Patrick Steuber,Edmonton West,
NDP,Matt Stickland,Sackville--Preston--Chezzetcook,LandOfSticks
NDP,Katherine Swampy,Edmonton Centre,KSwampyNDP
NDP,Nicolas  Tabah,Bécancour--Nicolet--Saurel,
NDP,Emilie Taman,Ottawa Centre,EmilieTaman
NDP,Michelle  Taylor,Leeds--Grenville--Thousand Islands and Rideau Lakes,
NDP,Paul  Taylor,Parkdale—High Park,paultaylorndp
NDP,Yafet  Tewelde,York South—Weston,
NDP,Nicholas  Thompson,Don Valley East,meetnicholas
NDP,Karine  Trudel,Jonquière,
NDP,Rudy Turtle,Kenora,
NDP,Dennis  Van Meer,St. Catharines,scfndp
NDP,Stacey Wakelin,Langley–Aldergrove,staceywakelin
NDP,Barrington  Walker,Kingston and the Islands,WalkerNDP
NDP,Sarah  Whalen-Wright,Durham,
NDP,Jacqueline  Wiens,Orléans,
NDP,Yuk-Sem Won,Thunder Bay—Rainy River,
NDP,Diana  Yoon,Spadina–Fort York,DianaDYoon
NDP,Tom  Young,Parry Sound--Muskoka,
NDP,Bonita Zarrillo,Port Moody–Coquitlam,bonitazarrillo
Liberal,John Aldag,Cloverdale–Langley City,jwaldag
Liberal,Omar Alghabra,Mississauga Centre,OmarAlghabra
Liberal,Will Amos,Pontiac,WillAAmos
Liberal,Anita Anand,Oakville,anitaoakville
Liberal,Gary Anandasangaree,Scarborough–Rouge Park,gary_srp
Liberal,René Arseneault,Madawaska–Restigouche,
Liberal,Chandra Arya,Nepean,ChandraNepean
Liberal,Ramez Ayoub,Thérèse-De Blainville,RamezAyoub
Liberal,Vance Badawey,Niagara Centre,VBadawey
Liberal,Sara Badiei,Port Moody–Coquitlam,sarabadiei
Liberal,Larry Bagnell,Yukon,LarryBagnell
Liberal,Navdeep Bains,Mississauga–Malton,NavdeepSBains
Liberal,Yvan Baker,Etobicoke Centre,Yvan_Baker
Liberal,Lesley Barron,Wellington–Halton Hills,drlesleybarron_
Liberal,Jaime Battiste,Sydney–Victoria,youngmedicine33
Liberal,Terry Beech,Burnaby North–Seymour,terrybeech
Liberal,Rachel Bendayan,Outremont,RachelBendayan
Liberal,Josh Bennett,Leeds-Grenville-Thousand Islands and Rideau Lakes,
Liberal,Carolyn Bennett,Toronto–St. Paul's,Carolyn_Bennett
Liberal,Marie-Claude Bibeau,Compton–Stanstead,mclaudebibeau
Liberal,Ian Bingham,Niagara West,liberalbingham
Liberal,Dave Birdi,Skeena–Bulkley Valley,
Liberal,Chris Bittle,St. Catharines,Chris_Bittle
Liberal,Bill Blair,Scarborough Southwest,BillBlair
Liberal,Kody Blois,Kings–Hants,
Liberal,Michelle Boileau,Timmins–James Bay,MicheBoileau
Liberal,Randy Boissonnault,Edmonton Centre,R_Boissonnault
Liberal,Mike Bossio,Hastings–Lennox and Addington,MikeBossio
Liberal,Michel Bourgeois,Joliette,
Liberal,Bob Bratina,Hamilton East–Stoney Creek,BobBratina
Liberal,Pierre Breton,Shefford,pierrebretonplc
Liberal,Amy Bronson,Lethbridge,AmyBronson
Liberal,Antoine Bujold,Beauport–Limoilou,AntoineBujold
Liberal,Tracy Calogheros,Cariboo–Prince George,TracyCalogheros
Liberal,Jim Carr,Winnipeg South Centre,jimcarr_wpg
Liberal,Sean Casey,Charlottetown,SeanCaseyLPC
Liberal,Bardish Chagger,Waterloo,BardishKW
Liberal,Simon Chalifoux,Pierre-Boucher–Les Patriotes–Verchères,SChalifouxPLC
Liberal,François-Philippe Champagne,Saint-Maurice–Champlain,FP_Champagne
Liberal,Shaun Chen,Scarborough North,Shaun_Chen
Liberal,Tammy Cook-Searson,Desnethé–Missinippi–Churchill River,ChiefTammy
Liberal,Michelle Corfield,Nanaimo–Ladysmith,micorfield
Liberal,Serge Cormier,Acadie–Bathurst,sergecormierlib
Liberal,Trisha Cowie,Parry Sound–Muskoka,trishacowie
Liberal,Julie Dabrusin,Toronto–Danforth,juliedabrusin
Liberal,Pam Damoff,Oakville North–Burlington,PamDamoff
Liberal,Matt DeCourcey,Fredericton,MattDeCourcey
Liberal,Michael Den Tandt,Bruce–Grey–Owen Sound,mdentandt
Liberal,Connie Denesiuk,South Okanagan–West Kootenay,ConnieGDenesiuk
Liberal,Cindy Derkaz,North Okanagan–Shuswap,CDerkaz
Liberal,Jason Deveau,West Nova,
Liberal,Sukh Dhaliwal,Surrey–Newton,sukhdhaliwal
Liberal,Anju Dhillon,Dorval–Lachine–LaSalle,adhillonDLL
Liberal,Francis Drouin,Glengarry–Prescott–Russell,Francis_Drouin
Liberal,Emmanuel Dubourg,Bourassa,EmmanuelDubourg
Liberal,Jean-Yves Duclos,Québec,jyduclos
Liberal,Terry Duguid,Winnipeg South,TerryDuguid
Liberal,Kirsty Duncan,Etobicoke North,KirstyDuncanMP
Liberal,Julie Dzerowicz,Davenport,JulieDzerowicz
Liberal,Wayne Easter,Malpeque,WayneEaster
Liberal,Ali Ehsassi,Willowdale,AliEhsassi
Liberal,Faycal El-Khoury,Laval–Les Îles,F_ElKhoury
Liberal,Kamal Elkadri,Edmonton Manning,
Liberal,Neil Ellis,Bay of Quinte,NeilREllis
Liberal,Nathaniel Erskine-Smith,Beaches–East York,beynate
Liberal,Doug Eyolfson,Charleswood–St. James–Assiniboia–Headingley,DougEyolfson
Liberal,Marc Faubert,Salaberry–Suroît,
Liberal,Winter Fedyk,Regina–Lewvan,winterfedyk
Liberal,Greg Fergus,Hull–Aylmer,GregFergus
Liberal,Andy Fillmore,Halifax,AndyFillmoreHFX
Liberal,Pat Finnigan,Miramichi–Grand Lake,PatFinniganMP
Liberal,Darren Fisher,Dartmouth–Cole Harbour,DarrenFisherNS
Liberal,Michele Fisher,Dufferin–Caledon,MicheleFisherDC
Liberal,Peter Fonseca,Mississauga East–Cooksville,PeterFonsecaMP
Liberal,Judi Forbes,Haliburton–Kawartha Lakes–Brock,forbeshklb
Liberal,Mona Fortier,Ottawa–Vanier,MonaFortier
Liberal,Peter Fragiskatos,London North Centre,pfragiskatos
Liberal,Sean Fraser,Central Nova,SeanFraserMP
Liberal,Chrystia Freeland,University–Rosedale,cafreeland
Liberal,Hedy Fry,Vancouver Centre,HedyFry
Liberal,Stephen Fuhr,Kelowna–Lake Country,FuhrMP
Liberal,Florence Gagnon,Rivière-du-Nord,FlorenceGagnon_
Liberal,Marc Garneau,Notre-Dame-de-Grâce–Westmount,MarcGarneau
Liberal,Mark Gerretsen,Kingston and the Islands,MarkGerretsen
Liberal,Gary Gladstone,Thornhill,Vote_Gladstone
Liberal,Ralph Goodale,Regina–Wascana,RalphGoodale
Liberal,Karina Gould,Burlington,karinagould
Liberal,David Graham,Laurentides–Labelle,daviddbgraham
Liberal,Steven Guilbeault,Laurier–Sainte-Marie,s_guilbeault
Liberal,Hassan Guillet,Saint-Léonard–Saint-Michel,
Liberal,Patricia Hajdu,Thunder Bay–Superior North,PattyHajdu
Liberal,Marie-Chantal Hamel,Beloeil–Chambly,HamelMarieC
Liberal,Jamie Hammond,Esquimalt–Saanich–Sooke,JamieHammondESS
Liberal,Ken Hardie,Fleetwood–Port Kells,KenHardie
Liberal,Laurence Harvey,Bellechasse–Les Etchemins–Lévis,Laurence_Harv
Liberal,Gerry Hawes,Simcoe North,hawes_gerry
Liberal,Susan Hayton,Saskatoon–University,
Liberal,Richard Hébert,Lac-Saint-Jean,RHebertPLC
Liberal,Kent Hehr,Calgary Centre,kenthehr
Liberal,Genevieve Hinse,Rosemont–La Petite-Patrie,GenevieveHinse
Liberal,Estelle Hjertaas,Prince Albert,ehjertaas
Liberal,Gordon Hogg,South Surrey–White Rock,GordieHogg
Liberal,Mark Holland,Ajax,markhollandlib
Liberal,Anthony Housefather,Mount Royal,AHousefather
Liberal,Ahmed Hussen,York South–Weston,HonAhmedHussen
Liberal,Gudie Hutchings,Long Range Mountains,Gudie
Liberal,Angelo Iacono,Alfred-Pellan,AIaconoMP
Liberal,Leon Jensen,Langley–Aldergrove,leoninlangley
Liberal,Kerrie Johnston,Edmonton West,KerrieLJohnston
Liberal,Mélanie Joly,Ahuntsic-Cartierville,melaniejoly
Liberal,Yvonne Jones,Labrador,YvonneJJones
Liberal,Bernadette Jordan,South Shore–St. Margarets,BernJordanMP
Liberal,Majid Jowhari,Richmond Hill,MajidJowhari
Liberal,Andrea Kaiser,Niagara Falls,votekaiser
Liberal,Todd Kathol,Calgary Rocky Ridge,KatholTodd
Liberal,Kayley Kennedy,Lanark–Frontenac–Kingston,kayleykennedyca
Liberal,Lorne Kenney,Simcoe–Grey,LorneKenney
Liberal,Iqra Khalid,Mississauga–Erin Mills,iamIqraKhalid
Liberal,Kamal Khera,Brampton West,KamalKheraLib
Liberal,Judy Klassen,Churchill–Keewatinook Aski,
Liberal,Terry Lake,Kamloops–Thompson–Cariboo,TerryLake16
Liberal,Emmauella Lambropoulos,Saint-Laurent,emlambropoulos
Liberal,David Lametti,LaSalle–Émard–Verdun,DavidLametti
Liberal,Kevin Lamoureux,Winnipeg North,Kevin_Lamoureux
Liberal,Linda Lapointe,Rivière-des-Mille-Îles,LapointeLinda
Liberal,Stephane Lauzon,Argenteuil–La Petite-Nation,stephanelauzon5
Liberal,Dominic LeBlanc,Beauséjour,DLeBlancNB
Liberal,Diane Lebouthillier,Gaspésie - Les Îles-de-la-Madeleine,DiLebouthillier
Liberal,Paul Lefebvre,Sudbury,LefebvrePaul
Liberal,Aladin Legault d'Auteuil,Montmagny–L'Islet–Kamouraska–Rivière-du-Loup,AladinLegault
Liberal,Carmen Lemieux,Sarnia–Lambton,lemieux_carmen
Liberal,Michael Levitt,York Centre,LevittMichael
Liberal,Joël Lightbound,Louis-Hébert,JoelLightbound
Liberal,Alaina Lockhart,Fundy Royal,AlainaLockhart
Liberal,Wayne Long,Saint John–Rothesay,WayneLongSJ
Liberal,Lloyd Longfield,Guelph,LloydLongfield
Liberal,Tim Louis,Kitchener–Conestoga,votetimlouis
Liberal,Karen Ludwig,New Brunswick Southwest,KarenLudwigMP
Liberal,Lawrence MacAulay,Cardigan,L_MacAulay
Liberal,Steve MacKinnon,Gatineau,stevenmackinnon
Liberal,Jennifer Malabar,Elmwood–Transcona,
Liberal,James Maloney,Etobicoke–Lakeshore,j_maloney
Liberal,Ruben D Marini,Renfrew–Nipissing–Pembroke,
Liberal,Soraya Martinez,Hochelaga,SorayaMartinezF
Liberal,Rémi Massé,Avignon–La Mitis–Matane–Matapédia,Remi_Masse1
Liberal,Bryan May,Cambridge,_BryanMay
Liberal,Karen McCrimmon,Kanata–Carleton,karenmccrimmon
Liberal,Ken McDonald,Avalon,avalonMPKen
Liberal,David McGuinty,Ottawa South,DavidMcGuinty
Liberal,John McKay,Scarborough–Guildwood,JohnMcKayLib
Liberal,Catherine McKenna,Ottawa Centre,cathmckenna
Liberal,Ron McKinnon,Coquitlam–Port Coquitlam,RonMcKinnonLib
Liberal,Michael McLeod,Northwest Territories,MMcLeodNWT
Liberal,Alexandra Mendes,Brossard–Saint-Lambert,AlexandraBrStL
Liberal,Marco Mendicino,Eglinton–Lawrence,marcomendicino
Liberal,Maryann Mihychuk,Kildonan–St. Paul,MPMihychuk
Liberal,Marc Miller,Ville-Marie–Le Sud-Ouest–Île-des-Soeurs,MarcMillerVM
Liberal,Pirie Mitchell,Perth–Wellington,Pirie_Mitchell
Liberal,Maryam Monsef,Peterborough–Kawartha,MaryamMonsef
Liberal,Bill Morneau,Toronto Centre,Bill_Morneau
Liberal,Robert Morrissey,Egmont,MorrisseyEgmont
Liberal,Tracy Muggli,Saskatoon–Grasswood,tracymuggli
Liberal,Mary Ann Murphy,Central Okanagan–Similkameen–Nicola,Murphy4COSN
Liberal,Joyce Murray,Vancouver Quadra,joycemurray
Liberal,Mary Ng,Markham–Thornhill,mary_ng
Liberal,Taleeb Noormohamed,Vancouver Granville,Taleeb
Liberal,Jennifer O'Connell,Pickering–Uxbridge,MPJenOConnell
Liberal,Seamus O'Regan,St. John's South–Mount Pearl,SeamusORegan
Liberal,Rob Oliphant,Don Valley West,Rob_Oliphant
Liberal,Eleanor Olszewski,Edmonton Strathcona,Eleanor4Strath
Liberal,Katie Omstead,Chatham-Kent–Leamington,KatieOmstead
Liberal,Robert-Falcon Ouellette,Winnipeg Centre,DrRobbieO
Liberal,Joe Peschisolido,Steveston–Richmond East,jpeschisolido
Liberal,Ginette Petitpas Taylor,Moncton–Riverview–Dieppe,GinettePT
Liberal,Michel Picard,Montarville,MPicardLiberal
Liberal,Chantal Pilon,Rimouski-Neigette–Témiscouata–Les Basques,
Liberal,Megan Pizzo Lyall,Nunavut,
Liberal,Jonathan Plamondon,La Pointe-de-l'Île,Plamondonj
Liberal,Jean-Claude Poissant,La Prairie,PLCLaPrairieJCP
Liberal,Marcus Powlowski,Thunder Bay–Rainy River,
Liberal,Carla Qualtrough,Delta,CQualtro
Liberal,Yasmin Ratansi,Don Valley East,Yasmin_Ratansi
Liberal,Geoff Regan,Halifax West,geoffregan
Liberal,Valérie Renaud-Martin,Trois-Rivières,ValRenaudMartin
Liberal,Jean Rioux,Saint-Jean,jeanriouxplc
Liberal,Yves Robillard,Marc-Aurèle-Fortin,YRobillardPLC
Liberal,Chris Rodgers,Carleton,VoteChris2019
Liberal,Pablo Rodriguez,Honoré-Mercier,pablorodriguez
Liberal,Churence Rogers,Bonavista–Burin–Trinity,ChurenceRogers
Liberal,Sherry Romanado,Longueuil–Charles-LeMoyne,SherryRomanado
Liberal,Anthony Rota,Nipissing–Timiskaming,AnthonyRota
Liberal,Kim Rudd,Northumberland–Peterborough South,RuddKim
Liberal,Dan Ruimy,Pitt Meadows–Maple Ridge,DanRuimyMP
Liberal,Ruby Sahota,Brampton North,MPRubySahota
Liberal,Raj Saini,Kitchener Centre,RajSainiMP
Liberal,Harjit Sajjan,Vancouver South,HarjitSajjan
Liberal,Darrell Samson,Sackville–Preston–Chezzetcook,darrellsamson
Liberal,Ramesh Sangha,Brampton Centre,sangharamesh
Liberal,Randeep Sarai,Surrey Centre,randeepssarai
Liberal,Dave Savard,Manicouagan,
Liberal,Isabel Sayegh,Montcalm,
Liberal,Francis Scarpaleggia,Lac-Saint-Louis,ScarpaleggiaLSL
Liberal,Peter Schiefke,Vaudreuil–Soulanges,PeterSchiefke
Liberal,Deb Schulte,King–Vaughan,_DebSchulte
Liberal,Peter Schwarzhoff,North Island–Powell River,PeteSchwarzhoff
Liberal,Marc Serré,Nickel Belt,MarcSerreMP
Liberal,Judy Sgro,Humber River–Black Creek,JudySgroMP
Liberal,Brenda Shanahan,Châteauguay–Lacolle,BShanahanLib
Liberal,Terry Sheehan,Sault Ste. Marie,TerrySheehanMP
Liberal,Sonia Sidhu,Brampton South,SoniaLiberal
Liberal,Jati Sidhu,Mission–Matsqui–Fraser Canyon,MPJatiSidhu
Liberal,Maninder Sidhu,Brampton East,MSidhuLiberal
Liberal,Gagan Sikand,Mississauga–Streetsville,gagansikand
Liberal,Scott Simms,Coast of Bays–Central–Notre Dame,Scott_Simms
Liberal,Amarjeet Sohi,Edmonton Mill Woods,SohiAmarjeet
Liberal,Francesco Sorbara,Vaughan–Woodbridge,fsorbara
Liberal,Sven Spengemann,Mississauga–Lakeshore,SvenTrueNorth
Liberal,Jennifer Stebbing,Flamborough–Glanbrook,Jen_Stebbing
Liberal,Jordan Stein,Calgary Confederation,JordanSteinAB
Liberal,Marwan Tabbara,Kitchener South–Hespeler,MarwanTabbaraMP
Liberal,Tamara Taggart,Vancouver Kingsway,tamarataggart
Liberal,Filomena Tassi,Hamilton West–Ancaster–Dundas,FilomenaTassiMP
Liberal,Leah Taylor Roy,Aurora–Oak Ridges–Richmond Hill,
Liberal,Claude Thibault,Abitibi–Témiscamingue,
Liberal,Allan Thompson,Huron–Bruce,ElectAllanT
Liberal,Justin Trudeau,Papineau,JustinTrudeau
Liberal,Karl Trudel,Mirabel,karl_trudel
Liberal,Bruno Uggenti,Hamilton Mountain,BUggenti
Liberal,Tony Van Bynen,Newmarket–Aurora,kylejpeterson
Liberal,Adam van Koeverden,Milton,vankayak
Liberal,Dan Vandal,Saint Boniface–Saint Vital,stbstvdan
Liberal,Anita Vandenbeld,Ottawa West–Nepean,anitavandenbeld
Liberal,Adam Vaughan,Spadina–Fort York,TOAdamVaughan
Liberal,René Vincelette,Saint-Hyacinthe–Bagot,
Liberal,Arif Virani,Parkdale–High Park,viraniarif
Liberal,Ken Werbiski,Portage–Lisgar,
Liberal,Nick Whalen,St. John's East,NickWhalenMP
Liberal,Jonathan Wilkinson,North Vancouver,JonathanWNV
Liberal,Heather Wilson,Algoma–Manitoulin–Kapuskasing,HWilsonAMK
Liberal,Ryan Windsor,Saanich–Gulf Islands,RyanWindsor19
Liberal,Jean Yip,Scarborough–Agincourt,JeanYip3
Liberal,Kate Young,London West,KateYoungMP
Liberal,Salma Zahid,Scarborough Centre,SalmaZahid15
Liberal,Lenore Zann,Cumberland–Colchester,
Green,Abra Brynne,Kootenay—Columbia,
Green,Alessandra Szilagyi,Saint-Léonard—Saint-Michel,
Green,Aline Bégin,Abitibi—Témiscamingue,alinebegin
Green,Amanda Cain,Scarborough Southwest,AskAmandaCain
Green,Amanda Kistindey,Don Valley West,
Green,Amita Kuttner,Burnaby North—Seymour,amitakuttner
Green,André Voyer,Bellechasse—Les Etchemins—Lévis,
Green,Andrea Shalay,Winnipeg Centre,
Green,Angela Keller-Herzog,Ottawa-Centre,akellerherzog
Green,Anna Keenan,Malpeque,annackeenan
Green,Annamie Paul,Toronto Centre,AnnamiePaul
Green,Anthony Edmonds,Sackville—Preston—Chezzetcook,aledmonds
Green,Anthony Li,Lambton—Kent—Middlesex,anthonytonyli
Green,Arthur Green,Chilliwack—Hope,
Green,Austin Mullins,Banff—Airdrie,ausjermullins
Green,Bao Tran Le,Marc-Aurèle-Fortin,
Green,Barbara Joannette,La Prairie,
Green,Barry Randle,Central Nova,
Green,Ben Linnick,Saint-Boniface—Saint-Vital,bennydelnorte
Green,Beverley Eert,Portage—Lisgar,PL_GreenParty
Green,Beverly (Pixie) Hobby,South Surrey—White Rock,
Green,Bill Tiessen,Brandon—Souris,booksguybill
Green,Bob Jonkman,Brantford—Brant,BobJonkmanGPC
Green,Bonnie North,Barrie—Innisfil,BonnieNorthGP
Green,Brad Nickason,Coquitlam—Port Coquitlam,
Green,Brennan Wauters,Burnaby South,brennanwauters
Green,Bridget Burns,Vancouver East,votebridgetb
Green,Brogan Anderson,Kings—Hants,anderson4greens
Green,Brooke Martin,Haldimand—Norfolk,Brookemartin_13
Green,Bryce Watts,Port Moody—Coquitlam,brycemwatts
Green,Byron White,Coast of Bays—Central—Notre Dame,
Green,Cameron Stiff,Vaudreuil—Soulanges,camstiff_vert
Green,Candice Christmas,Kingston and the Islands,
Green,Carol Dyck,London North Centre,CarolDyckGPC
Green,Casandra  Poitras,Longueuil—Saint-Hubert,
Green,Cass Romyn,Sturgeon River—Parkland,ed75green
Green,Catriona Wright,Calgary Rocky Ridge,CatsWright1
Green,Chris Caldwell,Etobicoke—Lakeshore,
Green,Chris Hill,Mississauga—Streetsville,
Green,Chris Tolley,Toronto—Danforth,christolley
Green,Claire Kelly,Moncton—Riverview—Dieppe,clairekellyCAN
Green,Claude Bertrand,Pontiac,BertrandGreen
Green,Clement Badra,Mount Royal,
Green,Collan Simmons,Perth—Wellington,Csimmons21
Green,Conner Borlé,Red Deer—Mountain View,BorleGpc
Green,Craig DeCraene,Delta,decraenepoli
Green,Cynthia Trentelman,Mississauga—Lakeshore,CCTrentelman
Green,Dale Dewar,Regina—Qu'Appelle,daledewar
Green,Dalila  Elhak,Beauport—Limoilou,
Green,Dan Turcotte,Don Valley East,Dan4Greens
Green,Dana Taylor,West Vancouver—Sunshine Coast—Sea to Sky Country,
Green,Daniel Giavedoni,Don Valley North,
Green,Daniel Green,Outremont,DanielGreen_PVC
Green,Danielle Valiquette,Bruce—Grey—Owen Sound,DaniValiquette
Green,Danny Celovsky,Bay of Quinte,
Green,Darcie Lanthier,Charlottetown,DarcieLanthier
Green,Dave Urquhart,Hamilton Mountain,DaveUrquhartGP
Green,David Merner,Esquimalt—Saanich—Sooke,DavidMerner
Green,David Stibbe,Ottawa West—Nepean,
Green,David Turcotte,Bécancour—Nicolet—Saurel,
Green,David Weber,Kitchener South—Hespeler,davidwebergreen
Green,Dean Maher,Spadina—Fort York,
Green,Dennis Drainville,Gaspésie—Les Îles-de-la-Madeleine,
Green,Desmond Bull,Red Deer—Lacombe,
Green,Eleanor Hayward,Milton,eleanorhayward4
Green,Elizabeth  Fraser,Haliburton—Kawartha Lakes—Brock,
Green,Elizabeth May,Saanich—Gulf Islands,elizabethmay
Green,Elvin Kao,Markham—Unionville,elvinkao
Green,Éric Laferrière,Berthier—Maskinongé,
Green,Erik Schomann,Simcoe North,
Green,Evan Price,Durham,_evanp
Green,Gareth Williams,Burlington,WilliamsGarethE
Green,Geoff Wright,Vancouver Quadra,
Green,George  Orr,North Vancouver,
Green,Georgia Kokotsis,Saint-Laurent,
Green,Gord Miller,Parry Sound—Muskoka,
Green,Gordon Kubanek,Carleton,gordonjkubanek
Green,Grad Murray,Edmonton Centre,
Green,Greg De Luca,Brossard—Saint-Lambert,GregTheGreenMan
Green,Greg Malone,Avalon,
Green,Guy Dostaler,Gatineau,
Green,Hannah Conover-Arthurs,Davenport,
Green,Hugo Reinoso,Mississauga Centre,hurei4mississau
Green,Iain Currie,Kamloops—Thompson—Cariboo,IainCurrie4
Green,Ian Pineau,Renfrew—Nipissing—Pembroke,
Green,Jacques Gélineau,Manicouagan,
Green,James  Beddome,Winnipeg-South Centre,
Green,James Morrison,Avignon—La Mitis—Matane—Matapédia,
Green,Jamil Azzaoui,Laurier—Sainte-Marie,
Green,Jan Norris,Saskatoon—University,
Green,Janet Errygers,Flamborough—Glanbrook,
Green,Janine Gibson,Provencher,
Green,Jason Blanch,Cumberland—Colchester,jasonblanch
Green,Jean Désy,Rosemont—La Petite-Patrie,
Green,Jean Rousseau,Compton—Stanstead,
Green,Jean-Charles Pelland,Montarville,
Green,Jean-Luc Cooke,Nepean,votejeanluc
Green,Jean-Michel Lavarenne,Ahuntsic-Cartierville,
Green,Jeff Wheeldon,Northumberland—Peterborough South,Jeff_Wheeldon
Green,Jency Mercier,LaSalle—Émard—Verdun,
Green,Jenica Atwin,Fredericton,JenicaAtwin
Green,Jennifer Purdy,Kanata—Carleton,jenniferpurdymd
Green,Jesse Brown,Vancouver Centre,votejesse2019
Green,Jessica Hamilton,Scarborough—Rouge Park,
Green,Jo-Ann Roberts,Halifax,joannrobertshfx
Green,Joey Leckman,Rivière-du-Nord,JoeyLeckman
Green,John Kidder,Mission—Matsqui—Fraser Canyon,
Green,Josiane Fortin,Beauce,
Green,Jovannah Ramsden,Oshawa,
Green,Juan Vazquez,Papineau,Chitacosmico7
Green,Judith Zaichkowsky,Vancouver South,
Green,Judy N Green,West Nova,rawngreen
Green,Kaija Farstad,Langley—Aldergrove,KaijaF
Green,Katharine  Storey,Dauphin—Swan River—Neepawa,KateStorey_
Green,Katherine Turgeon,Shefford,
Green,Kelsey Reichel,Bonavista—Burin—Trinity,
Green,Kevin Nichols,Charleswood—St. James—Assiniboia—Headingley,
Green,Kirsten Wright,Waterloo,kirstenllwright
Green,Laura Reinsborough,Beauséjour,
Green,Lawrence Taylor,Vancouver Kingsway,
Green,Les Schram,Ottawa South,
Green,Lil MacPherson,Dartmouth—Cole Harbour,
Green,Lisa Birtch-Carriere,Oxford,lisac_gpc
Green,Lorraine Rekmans,Leeds—Grenville—Thousand Islands and Rideau Lakes,Goddessonloose
Green,Louise Boutin,Vancouver Granville,
Green,Lucas Knill,Long Range Mountains,
Green,Lydia Hwitsum,Cowichan—Malahat—Langford,
Green,Lynda Youde,Chicoutimi—Le Fjord,
Green,Macarena Diab,Louis-Hébert,macarenadiab
Green,Mackenzie Kerr,Cariboo—Prince George,_mackenziekerr
Green,Marc Reinarz,North Okanagan—Shuswap,
Green,Marie Duplessis,Trois-Rivières,
Green,Mark de Bruijn,North Island—Powell River,
Green,Mark Vercouteren,Chatham-Kent—Leamington,
Green,Marty Lancaster,Barrie—Springwater—Oro-Medonte,gp_marty
Green,Mathieu Morin,Sherbrooke,
Green,Max Chapman,Algoma—Manitoulin—Kapuskasing,MaxChapmanAMK
Green,Michael Tomaino,Niagara Centre,MichaelPTomaino
Green,Michele Braniff,Cambridge,
Green,Michelle Petersen,Orléans,
Green,Mike Morrice,Kitchener Centre,morricemike
Green,Mike Schmitz,Humber River—Black Creek,
Green,Mithu Valika,Oakville North—Burlington,
Green,Naomi  Hunter,Regina—Lewvan,GPChunter
Green,Natalie Odd,Calgary Confederation,natalieodd
Green,Nicholas Wendler,Huron—Bruce,
Green,Nick  Capra,Parkdale—High Park,nickcapra_gpc
Green,Paul Bettess,Winnipeg South,
Green,Paul Manly,Nanaimo—Ladysmith,paulmanly
Green,Peter Ormond,Hamilton East—Stoney Creek,Peter_Ormond
Green,Peter Smith,Sarnia—Lambton,
Green,Pierre Carrier,Beloeil—Chambly,
Green,Racelle Kooy,Victoria,racellekooy
Green,Raheem Aman,Stormont—Dundas—South Glengarry,
Green,Ralph Martin,Wellington—Halton Hills,
Green,Ralph McLean,Churchill—Keewatinook Aski,
Green,Raquel Fronte,Vaughan—Woodbridge,
Green,Réjean Malette,Dorval—Lachine—LaSalle,
Green,Remo Boscarino-Gaetano,Mississauga—Erin Mills,Remo_Bosco
Green,Richard Zurawski,Halifax West,
Green,Robert D. Morais,Hochelaga,
Green,Robert Green,Notre-Dame-de-Grâce—Westmount,RobertGreenPVC
Green,Robert Mellalieu,Central Okanagan—Similkameen—Nicola,RobMellalieu
Green,Rowan Miller,Tobique—Mactaquac,
Green,Samuel Moisan-Domm,Charlesbourg—Haute-Saint-Charles,
Green,Sandra O'Connor,Niagara Falls,SandraONFGreens
Green,Sean Manners,Beaches—East York,
Green,Sean Wood,Courtenay—Alberni,seanWood4Greens
Green,Shawn Setyo,Saskatoon West,
Green,Sherri Jackson,Simcoe—Grey,
Green,Stefan Wiesen,Dufferin—Caledon,
Green,Stéphanie Dufresne,Saint-Maurice—Champlain,
Green,Stephanie Goertz,Kitchener—Conestoga,GoertzSteph
Green,Stephen Kotze,Lanark—Frontenac—Kingston,
Green,Steven Dyck,Guelph,SteveDyck
Green,Susan Jonah,New Brunswick Southwest,
Green,Suzanne De montigny,New Westminster—Burnaby,
Green,Tanya Baertl,Fleetwood—Port Kells,
Green,Tanya Herbert,Edmonton Mill Woods,
Green,Tara Howse,South Okanagan—West Kootenay,taralynhowse
Green,Terry Teather,Niagara West,
Green,Thana Boonlert,Calgary Centre,
Green,Thomas Trappenberg,South Shore—St. Margarets,ttrappenberg
Green,Tim Grant,University—Rosedale,
Green,Timothy  Thompson,Fundy Royal,
Green,Tom Cull,London—Fanshawe,waltercull
Green,Valerie Kennedy,Edmonton Riverbend,4valeriekennedy
Green,Victoria Galea,Hamilton West—Ancaster—Dundas,vote_victoria
Green,Walter Bauer,Newmarket—Aurora,WalterB23697518
Green,William Carnegie,Calgary Forest Lawn,
Green,William James,Selkirk—Interlake—Eastman,
Bloc,Sylvie Bérubé,Abitibi–Baie-James–Nunavik–Eeyou,
Bloc,Sébastien Lemire,Abitibi–Témiscamingue,seblemire
Bloc,Michel Lachance,Alfred-Pellan,
Bloc,Yves Destroismaisons,Argenteuil–La Petite-Nation,YvesDtmBQ
Bloc,Kristina  Michaud,Avignon–La Mitis–Matane–Matapédia,krimichaud
Bloc,Julie Vignola,Beauport–Limoilou,JulieVignolaBQ
Bloc,Yves-François Blanchet,Beloeil–Chambly,yfblanchet
Bloc,Yves Perron,Berthier–Maskinongé,yvesperronbq
Bloc,Monique Allard,Brome–Missisquoi,
Bloc,Alain D'Eer,Charlesbourg–Haute-Saint-Charles,AlainDeer
Bloc,Valérie Tremblay,Chicoutimi–Le Fjord,ValTremblay_Sag
Bloc,Jean-Frédéric  Vaudry,Dorval–Lachine–LaSalle,blaze_3191
Bloc,Martin Champoux,Drummond,martchampoux
Bloc,Guy Bernatchez,Gaspésie–Les Îles-de-la-Madeleine,
Bloc,Geneviève Nadeau,Gatineau,GeNadeauBQ
Bloc,Simon Marchand,Hochelaga,Simon_Marchand
Bloc,Gabriel Ste-Marie,Joliette,Gabriel_SMarie
Bloc,Mario Simard,Jonquière,mario_simard
Bloc,Alain Therrien,La Prairie,
Bloc,Alexis Brunelle-Duceppe,Lac-Saint-Jean,Alduceppe
Bloc,Marie-Hélène Gaudreau,Laurentides–Labelle,HeleneGaudreau
Bloc,Michel  Duchesne,Laurier–Sainte-Marie,MichelDuchesne8
Bloc,Nacera Bedad,Laval–Les Îles,
Bloc,Denis Trudel,Longueuil–Saint-Hubert,trudel_denis
Bloc,Christian  Hébert,Louis-Hébert,CHebertQc
Bloc,Marilène Gill,Manicouagan,GillMarilene
Bloc,Lizabel Nitoi,Marc-Aurèle-Fortin,
Bloc,Simon Marcil,Mirabel,SimonMarcilQc
Bloc,Luc Thériault,Montcalm,luctheriaultbq
Bloc,Xavier Barsalou-Duval,Pierre-Boucher–Les Patriotes–Verchères,XavierBarsalouD
Bloc,Christiane Gagnon,Québec,
Bloc,Monique  Pauzé,Repentigny,m_pauze
Bloc,Luc Desilets,Rivière-des-Mille-Îles,
Bloc,Rhéal Fortin,Rivière-du-Nord,RhealFortin
Bloc,Claude André,Rosemont–La Petite-Patrie,Claud_Andre
Bloc,Simon-Pierre Savard-Tremblay,Saint-Hyacinthe–Bagot,SPSTremblay
Bloc,Christine Normandin,Saint-Jean,ChristineNorm
Bloc,Claude DeBellefeuille,Salaberry–Suroît,
Bloc,Michel Boudrias,Terrebonne,boudrias2015
Bloc,Claire-Emmanuelle Beaulieu,Vimy,
PPC,Nadine Wellwood,Banff-Airdrie,nadinewellwood
PPC,David Michaud,Battle River-Crowfoot,DavidMichaud53
PPC,Thomas Ikert,Bow River,TomIkert
PPC,Chevy Johnston,Calgary Centre,Chevy_Johnston
PPC,Colin Korol,Calgary Confederation,colinkorolppc
PPC,Dave Levesque,Calgary Forest Lawn,
PPC,Stephanie Hoeppner,Calgary Heritage,STEPHANIEHOEPP6
PPC,Edward Gao,Calgary Midnapore,EdwardGaoPPC
PPC,Kelly Lorencz,Calgary Nose Hill,KellyLorenczPPC
PPC,Tyler Poulin,Calgary Rocky Ridge,TylerPoulinPPC
PPC,Kyle Scott,Calgary Shepard,
PPC,Gordon Squire,Calgary Signal Hill,
PPC,Harinder Dhillon,Calgary Skyview,
PPC,Paul Hookham,Edmonton Centre,
PPC,Barbara Nichols,Edmonton Griesbach,BN4PPC
PPC,Daniel Summers,Edmonton Manning,DanSummersPPC
PPC,Annie Young,Edmonton Mill Woods,VoteAnnieYoung
PPC,Kevin L. Morris,Edmonton Riverbend,
PPC,Ian Cameron,Edmonton Strathcona,ICameronScona
PPC,Matthew Armstrong,Edmonton West,Marmstrongppc
PPC,Neil Doell,Edmonton-Wetaskiwin,votefordoell
PPC,Gregory Hession,Foothills,ppc_greg
PPC,Matthew Barrett,Fort McMurray-Cold Lake,therealmcat
PPC,Doug G. Burchill,Grande Prairie-Mackenzie,BurchillDoug
PPC,Alain Houle,Lakeland,AlainHoule5
PPC,Grant Hepworth,Lethbridge,ppclethbridge
PPC,Andrew Nelson,Medicine Hat-Cardston-Warner,AlbertaPpc
PPC,John Schrader,Peace River-Westlock,
PPC,Laura Lynn Tyler Thompson,Red Deer-Lacombe,LauraLynnTT
PPC,Paul Mitchell,Red Deer-Mountain View,PaulMitchellPPC
PPC,Darren Villetard,Sherwood Park-Fort Saskatchewan,
PPC,Brigitte Cecelia,St. Albert-Edmonton,
PPC,Tyler Beauchamp,Sturgeon River-Parkland,TylerBeaucham20
PPC,Douglas Galavan,Yellowhead,
PPC, , ,
PPC,James Duncan,Abbotsford,LockeDuncan1
PPC,Rocky Dong,Burnaby North-Seymour,Rocky4PPC
PPC,Al Rawdah,Burnaby South,AL4PPC
PPC,Jing Lan Yang,Cariboo-Prince George,Young_JLY
PPC,Allan G. Duncan,Central Okanagan-Similkameen-Nicola,allanduncanppc
PPC,Rob Bogunovic,Chilliwack-Hope,robbogunovic
PPC,Gurmant Grewal,Cloverdale-Langley City,GurmantGrewal
PPC,Brian Misera,Coquitlam-Port Coquitlam,BrianMisera
PPC,Troy Whitley,Courtenay-Alberni,PPCTroy
PPC,Rhonda Chen,Cowichan-Malahat-Langford,
PPC,Angelina Ireland,Delta,deltairelandfor
PPC, ,Esquimalt-Saanich-Sooke,
PPC,Mike Poulin,Fleetwood-Port Kells,MikePoulinPPC
PPC,Kenneth Finlayson,Kamloops-Thompson-Cariboo,
PPC,Salomon Rayek,Kelowna-Lake Country,ppcsalrayek
PPC,Rick Stewart,Kootenay-Columbia,rickstewartppc
PPC,Natalie DiPietra,Langley-Aldergrove,CudmoreDipietra
PPC,"Julius ""Nick"" Csaszar",Mission-Matsqui-Fraser Canyon,csaszar_nick
PPC,Jennifer Clarke,Nanaimo-Ladysmith,JenniferMClarke
PPC,Hansen Ginn,New Westminster-Burnaby,
PPC,Brian Rundle,North Island-Powell River,
PPC,Kyle Delfing,North Okanagan-Shuswap,DelfingKyle
PPC,Azmairnin Jadavji,North Vancouver,Azmairnin2019
PPC, ,Pitt Meadows-Maple Ridge,
PPC,Jayson Chabot,Port Moody-Coquitlam,ChabotJayson
PPC,Ron Vaillant,Prince George-Peace River-Northern Rockies,RonVaillant
PPC,Ivan Pak,Richmond Centre,ivanpak8
PPC,Ron Broda,Saanich-Gulf Islands,
PPC,Jody Craven,Skeena-Bulkley Valley,PPCSkeenaBV
PPC, ,South Okanagan-West Kootenay,
PPC,Joel Poulin,South Surrey-White Rock,joelpoulinppc
PPC,Derek Rathbun,Steveston-Richmond East,
PPC,Jaswinder Singh Dilawari,Surrey Centre,JazzDilawari
PPC,Benjamin Sears,Surrey-Newton,
PPC,Louise A. Kierans,Vancouver Centre,PPCVanCentre
PPC,Karin Litzcke,Vancouver East,KarinLitzcke
PPC,Naomi Chocyk,Vancouver Granville,MoxieMimi
PPC,Ian Torn,Vancouver Kingsway,Ian_Torn
PPC,Sandra Filosof-Schipper,Vancouver Quadra,
PPC,Alain Deng,Vancouver South,Alaindeng88
PPC,Alyson Culbert,Victoria,
PPC,Robert Bebb,West Vancouver-Sunshine Coast-Sea to Sky Country,DougBebb
PPC, , ,
PPC,Rob Lussier,Brandon-Souris,RobLussier
PPC,Steven Fletcher,Charleswood-St. James-Assiniboia-Headingley,HonSFletcher
PPC,Kenneth M. Klyne,Churchill-Keewatinook Aski,
PPC,Frank Godon,Dauphin-Swan River-Neepawa,FrankGodon
PPC,Noel Gautron,Elmwood-Transcona,
PPC,Martin W. Deck,Kildonan-St. Paul,
PPC,Aaron Archer,Portage-Lisgar,
PPC,Wayne Sturby,Provencher,
PPC,Adam McAllister,Saint Boniface-Saint Vital,
PPC,Ian Kathwaroon,Selkirk-Interlake-Eastman,
PPC,Yogi Henderson,Winnipeg Centre,
PPC,Victor Ong,Winnipeg North,
PPC,Mirwais Nasiri,Winnipeg South,
PPC,Jane MacDiarmid,Winnipeg South Centre,macdiarmidjane1
PPC, , ,
PPC, ,Acadie-Bathurst,
PPC,Pastor Nancy Mercier,Beauséjour,ArcadiaNancy
PPC,Jason Paull,Fredericton,
PPC,Rudolf Neumayer,Fundy Royal,Rudolf_Neumayer
PPC, ,Madawaska-Restigouche,
PPC, ,Miramichi-Grand Lake,
PPC,Stephen Driver,Moncton-Riverview-Dieppe,
PPC,Meryl Sarty,New Brunswick Southwest,MerylSartyPPC
PPC,Adam J. C. Salesse,Saint John-Rothesay,adam4sj
PPC,Dominic Guay,Tobique-Mactaquac,PPC_Guay
PPC, , ,
PPC, ,Avalon,
PPC, ,Bonavista-Burin-Trinity,
PPC, ,Coast of Bays-Central-Notre Dame,
PPC, ,Labrador,
PPC, ,Long Range Mountains,
PPC,William Lorimer,St. John's East,ppc_dr_will
PPC,Ben Ruckpaul,St. John's South-Mount Pearl,PPCBen
PPC, , ,
PPC,Luke Quinlan,Northwest Territories,LukeTQuinlan
PPC, , ,
PPC, ,Cape Breton-Canso,
PPC,Al Muir,Central Nova,
PPC,William J. Archer,Cumberland-Colchester,BillArcher72
PPC,Michelle A. M. Lindsay,Dartmouth-Cole Harbour,votemichelleppc
PPC,Pavel Boubnov,Halifax,
PPC, ,Halifax West,
PPC,Matthew Southall,Kings-Hants,TheMattSouthy
PPC,Sybil Hogg,Sackville-Preston-Chezzetcook,sybilfortheppl
PPC,Robert Monk,South Shore-St. Margarets,
PPC, ,Sydney-Victoria,
PPC, ,West Nova,
PPC, , ,
PPC,Announcement pending employer approval,Nunavut,
PPC, , ,
PPC,Susanna Russo,Ajax,SusannarussoP
PPC,Dave De Lisle,Algoma-Manitoulin-Kapuskasing,
PPC,Anil Dasaratha,Aurora-Oak Ridges-Richmond Hill,
PPC,Stephanie Robinson,Barrie-Innisfil,
PPC,David Patterson,Barrie-Springwater-Oro-Medonte,NGIinsights
PPC,Paul Bordonaro,Bay of Quinte,
PPC,Deborah McKenzie,Beaches-East York,mckdeb4
PPC,Baljit Singh Bawa,Brampton Centre,Bbawa
PPC,Gaurav Walia,Brampton East,PoliticianWalia
PPC,Keith Frazer,Brampton North,
PPC,Rajwinder Ghuman,Brampton South,
PPC,Ephraim Roger Sampson,Brampton West,rogersampson13
PPC,Dave Wrobel,Brantford-Brant,
PPC,Bill Townsend,Bruce-Grey-Owen Sound,Townsend_PPC
PPC,Peter Smetana,Burlington,PWS4PPC
PPC,Dr. David M. Haskell,Cambridge,DMillardHaskell
PPC,Alain Musende,Carleton,
PPC,John Balagtas,Chatham-Kent-Leamington,
PPC, ,Davenport,
PPC,John Hendry,Don Valley East,johnhendryppc
PPC,Jay Sobel,Don Valley North,
PPC,Ian Prittie,Don Valley West,thereds8
PPC,Chad Ransom,Dufferin-Caledon,ChadRansom3
PPC,Brenda Virtue,Durham,bavirtue
PPC,Michael Staffieri,Eglinton-Lawrence,Staff_ieri
PPC,Ken Gilpin,Elgin-Middlesex-London,
PPC,William Capes,Essex,BillCapes4Essex
PPC,Nicholas Serdiuk,Etobicoke Centre,
PPC,Judmir Sulejmani,Etobicoke-Lakeshore,JudePPC
PPC,Renata Ford,Etobicoke North,RenataFordPPC
PPC,David J. Tilden,Flamborough-Glanbrook,PpcTilden
PPC,Jean-Jacques Desgranges,Glengarry-Prescott-Russell,
PPC,Mark K. Paralovos,Guelph,MarkParalovos
PPC,Robert Forbes,Haldimand-Norfolk,FORBESPPC
PPC,Eugene C. Balfour,Haliburton-Kawartha Lakes-Brock,GeneBalfourPPC
PPC,Melina Mamone,Hamilton Centre,
PPC,Charles Crocker,Hamilton East-Stoney Creek,Crownspect
PPC,Trevor Marshall Lee,Hamilton Mountain,mrtrevorlee
PPC,Daniel Ricottone,Hamilton West-Ancaster-Dundas,DanielRicottone
PPC,Adam Gray,Hastings-Lennox and Addington,AdamLEGray1
PPC,Patrick Laflamme,Humber River-Black Creek,
PPC,Kevin M. Klerks,Huron-Bruce,HuronBrucePPCA
PPC,Scott Miller,Kanata-Carleton,ScottMillerPPC
PPC, ,Kenora,
PPC,Anton Strgacic,King-Vaughan,
PPC,Andrew F. Brooke,Kingston and the Islands,AndyBrookeLmstn
PPC,Patrick Bernier,Kitchener Centre,ppcpatrick
PPC,Koltyn Wallar,Kitchener-Conestoga,KWallarKitCon
PPC,Joseph Todd,Kitchener South-Hespeler,
PPC,Bria Lee Atkins,Lambton-Kent-Middlesex,i_heart_canada
PPC,Pending employer approval,Lanark-Frontenac-Kingston,
PPC,Evan Tennant-Hindle,Leeds-Grenville-Thousand Islands and Rideau Lakes,
PPC,Bela Kosoian,London-Fanshawe,
PPC,Dr. Salim Mansur,London North Centre,SalimMansurLNC
PPC,Michael T. J. McMullen,London West,ppclondonwest
PPC,Jeremy Lin,Markham-Stouffville,
PPC,Lianne Cheng,Markham-Thornhill,
PPC,Sarah Chung,Markham-Unionville,SChungforCanada
PPC,Percy Dastur,Milton,VotePercyDastur
PPC,David Micalef,Mississauga Centre,DavidMicalef
PPC,Syed Rizvi,Mississauga East-Cooksville,
PPC,Hazar Alsabagh,Mississauga-Erin Mills,HazarVandermol1
PPC,Mark Kuziora,Mississauga-Lakeshore,
PPC,Sheik Tahir Gora,Mississauga-Malton,TahirGora
PPC,Thomas McIver,Mississauga-Streetsville,
PPC,Azim Hooda,Nepean,
PPC,Andrew McCaughtrie,Newmarket-Aurora,mccaughtrieppc
PPC,Jesse Misener,Niagara Centre,
PPC,Alex Taylor,Niagara Falls,
PPC,Miles Morton,Niagara West,ppcmorton
PPC,Mikko Paavola,Nickel Belt,paavola_mikko
PPC,Mark King,Nipissing-Timiskaming,MarkKingPPC
PPC,Frank Vaughan,Northumberland-Peterborough South,FPVaughanIII
PPC,JD Meaney,Oakville,Meaney4MP
PPC,Gilbert Jubinville,Oakville North-Burlington,VoteJubinville
PPC,Roger Saint-Fleur,Orléans,
PPC,Greg Roy,Oshawa,GregRoyPPC
PPC,Merylee Sevilla,Ottawa Centre,MeryleeOTTCtr
PPC,Rodrigo Bolanos,Ottawa South,RodrigoAndrePPC
PPC,Paul Durst,Ottawa-Vanier,PaulGDurst
PPC,Serguei Guevorkian,Ottawa West-Nepean,
PPC,Wendy Martin,Oxford,rwtravellife
PPC,Gregory Wycliffe,Parkdale-High Park,
PPC,Michelle Smith,Parry Sound-Muskoka,mymuskokalife
PPC, ,Perth-Wellington,
PPC,Alexander Murphy,Peterborough-Kawartha,AlexMurphyPPC
PPC,Corneliu Chisu,Pickering-Uxbridge,cchisu
PPC,David Ainsworth,Renfrew-Nipissing-Pembroke,AinsworthPPC
PPC,Igor D. Tvorogov,Richmond Hill,TvorogovIgor
PPC,Allan deRoo,St. Catharines,
PPC,Brian Everaert,Sarnia-Lambton,BrianeveraertP1
PPC,Amy Zuccato,Sault Ste. Marie,
PPC,Anthony Internicola,Scarborough-Agincourt,
PPC,Jeremiah Vijeyaratnam,Scarborough Centre,
PPC,Jigna Jani,Scarborough-Guildwood,JIGNAJANI_PPC
PPC,Jude Guerrier,Scarborough North,JudePPC2019
PPC,Dilano Sally,Scarborough-Rouge Park,SallyDilano
PPC,Italo Eratostene,Scarborough Southwest,Italo4SSW
PPC,Jeff Harris,Simcoe-Grey,TheVotersSay
PPC,Stephen Makk,Simcoe North,MakkStephen
PPC,Robert Stewart,Spadina-Fort York,rstewartppc
PPC,Sabile Trimm,Stormont-Dundas-South Glengarry,SabileTrimm
PPC,Sean Paterson,Sudbury,brokenboxpower
PPC, ,Thornhill,
PPC,Andrew Hartnell,Thunder Bay-Rainy River,andrewhartnell8
PPC,Youssef Khanjari,Thunder Bay-Superior North,
PPC,Renaud Roy,Timmins-James Bay,rroytboh
PPC,Jean-Simon Chénard,Toronto Centre,masterjsc
PPC,Tara Dos Remedios,Toronto-Danforth,
PPC,John Kellen,Toronto-St. Paul's,
PPC,Aran Lockwood,University-Rosedale,AranLockwood
PPC,Domenic Montesano,Vaughan-Woodbridge,dmontesano_ppc
PPC,Erika Traub,Waterloo,ErikaTraub1
PPC,Sylvain Carle,Wellington-Halton Hills,syl20carle
PPC,Mirko Pejic,Whitby,PPCmirkopejic
PPC,Richard Hillier,Willowdale,PPC_Willowdale
PPC,Daniel Burr,Windsor-Tecumseh,DDB66
PPC,Darryl Burrell,Windsor West,darryldoall
PPC,Philip Hornak,York Centre,
PPC, ,York-Simcoe,
PPC,Gerard Racine,York South-Weston,
PPC, , ,
PPC, ,Cardigan,
PPC, ,Charlottetown,
PPC, ,Egmont,
PPC, ,Malpeque,
PPC, , ,
PPC,Guillaume Lanouette,Abitibi-Baie-James-Nunavik-Eeyou,
PPC,Jacques Girard,Abitibi-Témiscamingue,
PPC,Raymond Ayas,Ahuntsic-Cartierville,RaymondAyas
PPC,Mathieu Couture,Alfred-Pellan,
PPC,Sherwin Edwards,Argenteuil-La Petite-Nation,2018Edwards
PPC,Ross Carnahan,Avignon-La Mitis-Matane-Matapédia,
PPC,Maxime Bernier,Beauce,maximebernier
PPC,Jean-Claude Parent Jr.,Beauport-Côte-de-Beaupré-Île d'Orléans-Charlevoix,
PPC,Alicia Bédard,Beauport-Limoilou,AlieBedard
PPC,Richard Synnott,Bécancour-Nicolet-Saurel,
PPC,Marc Johnston,Bellechasse-Les Etchemins-Lévis,
PPC,Chloé Bernard,Beloeil-Chambly,
PPC,Luc Massé,Berthier-Maskinongé,
PPC,Louis Léger,Bourassa,LouisLger4
PPC,François Poulin,Brome-Missisquoi,FPoulinPPC
PPC,Sam Nassif,Brossard-Saint-Lambert,
PPC,Joey Pronovost,Charlesbourg-Haute-Saint-Charles,
PPC,Jeff Benoit,Châteauguay-Lacolle,jeffbenoitppc
PPC,Jimmy Voyer,Chicoutimi-Le Fjord,
PPC,Paul Reed,Compton-Stanstead,paul_d_reed
PPC,Arash Torbati,Dorval-Lachine-LaSalle,arashforppc
PPC,Steeve Paquet,Drummond,steeve_paquet
PPC,Éric Hébert,Gaspésie-Les Îles-de-la-Madeleine,
PPC,Mario-Roberto Lam,Gatineau,
PPC,Stepan Balatsko,Hochelaga,
PPC,Patrick St-Onge,Honoré-Mercier,
PPC,Rowen Tanguay,Hull-Aylmer,
PPC,Sylvain Prescott,Joliette,sylvainprescott
PPC,Sylvie Théodore,Jonquière,
PPC,Randy Manseau,La Pointe-de-l'Île,manseau_randy
PPC,Anouk Benzacar,La Prairie,
PPC,Dany Boudreault,Lac-Saint-Jean,
PPC,Gary Charles,Lac-Saint-Louis,garycharlesppc
PPC, ,LaSalle-Émard-Verdun,
PPC,Richard Evanko,Laurentides-Labelle,EvankoPpc
PPC,François Lefebvre,Laurier-Sainte-Marie,
PPC,Marie-Louise Beauchamp,Laval-Les Îles,
PPC,Marc Fontaine,Lévis-Lotbinière,
PPC,Henri Cousineau,Longueuil-Charles-LeMoyne,HenriCousineauP
PPC,Ellen Comeau,Longueuil-Saint-Hubert,
PPC,Daniel Brisson,Louis-Hébert,DanbQc
PPC,Guillaume Labonté-Côté,Louis-Saint-Laurent,
PPC,Jonathan Clavet,Manicouagan,
PPC,Émilio Migliozzi,Marc-Aurèle-Fortin,
PPC,Marie-Claude Lauzier,Mégantic-L'Érable,
PPC,Christian Montpetit,Mirabel,chris_montpetit
PPC,Julie Lavallée,Montarville,
PPC,Hugo Clenin,Montcalm,clenin_hugo
PPC,Abdeljalli El-mimouni,Montmagny-L'Islet-Kamouraska-Rivière-du-Loup,
PPC,Zachary Lozoff,Mount Royal,
PPC,André Valiquette,Notre-Dame-de-Grâce-Westmount,
PPC,Sabin Levesque,Outremont,
PPC,Mark Sibthorpe,Papineau,
PPC,Clifford Albert,Pierre-Boucher-Les Patriotes-Verchères,
PPC,Lee Weishar,Pierrefonds-Dollard,LeeWeishar
PPC,Mario Belec,Pontiac,mario_belec
PPC,Ken Pereira,Portneuf-Jacques-Cartier,kenpro11
PPC,Bruno Dabiré,Québec,gnouzaola
PPC,Samuel Saint-Laurent,Repentigny,SamuelSaintLau1
PPC,Maximo Gytrerez Diaz,Richmond-Arthabaska,
PPC,Pierre Lacombe,Rimouski-Neigette-Témiscouata-Les Basques,
PPC,Hans Roker Jr.,Rivière-des-Mille-Îles,RokerHans
PPC,Normand Michaud,Rivière-du-Nord,
PPC,Bobby Pellerin,Rosemont-La Petite-Patrie,
PPC, ,Saint-Hyacinthe-Bagot,
PPC, ,Saint-Jean,
PPC,Christopher Mikus,Saint-Laurent,
PPC,Tina Di Serio,Saint-Léonard-Saint-Michel,TinaDiSerio1
PPC,Nancy Brunelle,Saint-Maurice-Champlain,
PPC,Alain Savard,Salaberry-Suroît,
PPC,Mariam Sabbagh,Shefford,MariamSabbagh4
PPC,Pierre Lanoux,Sherbrooke,
PPC,Jeffrey Barnes,Terrebonne,
PPC,Désiré Mounanga,Thérèse-De Blainville,
PPC, ,Trois-Rivières,
PPC,Kaylin Tam,Vaudreuil-Soulanges,
PPC,Jean Langlais,Ville-Marie-Le Sud-Ouest-Île-des-Soeurs,
PPC,Suzanne Brunelle,Vimy,PpcVimy
PPC, , ,
PPC,Jason MacInnis,Battlefords-Lloydminster,PPCJasonMac
PPC,Cody Payant,Carlton Trail-Eagle Creek,PayantCody
PPC,Lee Andrew Harding,Cypress Hills-Grasslands,LeeHardingSK
PPC,Jerome Perrault,Desnethé-Missinippi-Churchill River,
PPC,Chey Craik,Moose Jaw-Lake Centre-Lanigan,cheycraik
PPC,Kelly Day,Prince Albert,KellyRDay19
PPC,Trevor Wowk,Regina-Lewvan,ybitechnology
PPC,Tracey Sparrowhawk,Regina-Qu'Appelle,
PPC,Mario Milanovski,Regina-Wascana,MarioM007
PPC,Mark Friesen,Saskatoon-Grasswood,MarkFriesen08
PPC,Guto Penteado,Saskatoon-University,gutopenteado
PPC,Isaac J. Hayes,Saskatoon West,
PPC,Phillip Zajac,Souris-Moose Mountain,
PPC,Ryan Schultz,Yorkton-Melville,RyanSchultz_PPC
PPC, , ,
PPC,Joseph Zelezny,Yukon,PpcYukon
Conservative,Andrew Scheer,Regina — Qu’Appelle,AndrewScheer
Conservative,Ziad Aboultaif,Edmonton Manning,ziad_aboultaif
Conservative,Leona Aglukkaq,Nunavut,leonaaglukkaq
Conservative,Scott Aitchison,Parry Sound — Muskoka,ScottAAitchison
Conservative,Dan Albas,Central Okanagan — Similkameen — Nicola,DanAlbas
Conservative,Harold Albrecht,Kitchener — Conestoga,Albrecht4KitCon
Conservative,Leona Alleslev,Aurora — Oak Ridges — Richmond Hill,LeonaAlleslev
Conservative,Dean Allison,Niagara West,DeanAllisonMP
Conservative,Stella Ambler,Mississauga — Lakeshore,StellaAmbler
Conservative,Theodore Antony,Markham — Stouffville,theodore_antony
Conservative,Scott Armstrong,Cumberland — Colchester,
Conservative,Mel Arnold,North Okanagan — Shuswap,MelArnoldMP
Conservative,Chani Aryeh,Eglinton — Lawrence,chaniaryehbain
Conservative,Sunny Attwal,Cambridge,SunnyCBridge
Conservative,Tina Bains,Surrey Centre,
Conservative,Tony Baldinelli,Niagara Falls,
Conservative,John Barlow,Foothills,JohnBarlowMP
Conservative,Bernard Barré,Saint-Hyacinthe — Bagot,
Conservative,Michael Barrett,Leeds-Grenville-Thousand Islands and Rideau Lakes,MikeBarrettON
Conservative,Sonia Baudelot,Marc-Aurèle-Fortin,
Conservative,Josée Bélanger,Berthier — Maskinongé,
Conservative,Bob Benzen,Calgary Heritage,BobBenzen
Conservative,Candice Bergen,Portage — Lisgar,CandiceBergenMP
Conservative,Joel Bernard,Ottawa — Vanier,VoteJoelCPC
Conservative,Luc Berthold,Mégantic — L’Érable,LucBerthold
Conservative,David Bertschi,Orléans,David_Bertschi
Conservative,James Bezan,Selkirk — Interlake — Eastman,jamesbezan
Conservative,Sanjay Bhatia,Davenport,
Conservative,Cyara Bird,Churchill — Keewatinook Aski,CyaraBird
Conservative,Dave Blackburn,Pontiac,Blackburn2019
Conservative,Steven Blaney,Bellechasse — Les Etchemins — Lévis,HonStevenBlaney
Conservative,Kelly Block,Carlton Trail — Eagle Creek,KellyBlockmp
Conservative,Sarah Bokhari,London North Centre,
Conservative,Sylvie Boucher,Beauport — Côte-de-Beaupré — Île d’Orléans — Charlevoix,SBoucherMP
Conservative,Bianca Boutin,Québec,BiancaBoutin
Conservative,Alex Bracci,Coast of Bays — Central — Notre Dame,
Conservative,Richard Bragdon,Tobique — Mactaquac,RichardBragdon
Conservative,Pierre Branchaud,Repentigny,
Conservative,Ramandeep Brar,Brampton South,electbrar
Conservative,John Brassard,Barrie — Innisfil,JohnBrassardCPC
Conservative,Lois Brown,Newmarket — Aurora,LoisBrownCanada
Conservative,David Busch,Saanich — Gulf Islands,DavidBusch2019
Conservative,Blaine Calkins,Red Deer — Lacombe,blainecalkinsmp
Conservative,Robert Campbell,Charlottetown,
Conservative,Réjeanne Caron,Saint Boniface — Saint Vital,
Conservative,Richard Caron,Victoria,
Conservative,Jordy Carr,Nipissing — Timiskaming,
Conservative,Colin Carrie,Oshawa,ColinCarrie
Conservative,David Cavey,Vancouver Centre,DavidCavey
Conservative,Matthew Chapman,Avalon,
Conservative,Irshad Chaudry,Scarborough Centre,Irshad_C18
Conservative,Kenny Chiu,Steveston — Richmond East,RmdKenny
Conservative,Michael Chong,Wellington — Halton Hills,MichaelChongMP
Conservative,Zia Choudhary,Toronto — Danforth,votezia2019
Conservative,Iftikhar Choudry,Humber River — Black Creek,iachoudry
Conservative,Monica Ciriello,Hamilton Centre,CirielloMonica
Conservative,Alupa Clarke,Beauport — Limoilou,Alupa_Clarke
Conservative,Carol Clemenhagen,Ottawa Centre,ottawaccarol
Conservative,Nathalie Clermont,Shefford,
Conservative,Patrick Clune,Longueuil — Saint-Hubert,
Conservative,Jason Cole,Dartmouth — Cole Harbour,
Conservative,Michael Cooper,St. Albert — Edmonton,Cooper4SAE
Conservative,Kevin Copley,Sackville — Preston — Chezzetcook,
Conservative,François Corriveau,Manicouagan,
Conservative,Bruno Côté,Brome — Missisquoi,
Conservative,Bruno-Pier Courchesne,Saint-Maurice — Champlain,
Conservative,Robert Coutu,La Pointe-de-l’Île,RobertJrCoutu
Conservative,Karen Cox,Vaudreuil — Soulanges,
Conservative,Guy Croteau,Honoré-Mercier,
Conservative,James Cumming,Edmonton Centre,CummingK
Conservative,Yanik D’Aigle,Northwest Territories,yanikdaigle
Conservative,Chris d’Entremont,West Nova,ChrisMLA
Conservative,Marc Dalton,Pitt Meadows — Maple Ridge,MarcDalton
Conservative,Raquel Dancho,Kildonan — St. Paul,RaquelDancho
Conservative,Mathieu Daviault,Pierre-Boucher — Les Patriotes — Verchères,DaviaultMathieu
Conservative,Scot Davidson,York-Simcoe,ScotDavidsonMP
Conservative,Gérard Deltell,Louis-Saint-Laurent,gerarddeltell
Conservative,Leo Demarce,Windsor — Tecumseh,
Conservative,Lise des Greniers,Laurier — Sainte-Marie,
Conservative,François Desrochers,Mirabel,
Conservative,Gisèle Desroches,Montcalm,
Conservative,Tom Dingwall,Ajax,TomDingwallAjax
Conservative,Kerry Diotte,Edmonton Griesbach,KerryDiotte
Conservative,Kathleen Dixon,Vancouver Quadra,
Conservative,Todd Doherty,Cariboo — Prince George,ToddDohertyMP
Conservative,Terry Dowdall,Simcoe — Grey,TerryDowdallcpc
Conservative,Shelley Downey,North Island — Powell River,
Conservative,Neil Drabkin,Notre-Dame-de-Grâce — Westmount,
Conservative,Earl Dreeshen,Red Deer — Mountain View,earl_dreeshen
Conservative,Mike Duggan,Hull — Aylmer,
Conservative,Eric Duncan,Stormont — Dundas — South Glengarry,EricDuncanSDSG
Conservative,Tim Durkin,Bay of Quinte,QuinteDurkin
Conservative,Peter Dyakowski,Hamilton Mountain,PeterDyakowski
Conservative,Ryan Dyck,Winnipeg Centre,
Conservative,Jessica Ebacher,Drummond,
Conservative,Rima El-Helou,Vimy,
Conservative,Pierre-André Émond,Bécancour — Nicolet — Saurel,
Conservative,David Epp,Chatham-Kent — Leamington,
Conservative,Angelo Esposito,Alfred-Pellan,
Conservative,Ted Falk,Provencher,MPTedFalk
Conservative,Rosemarie Falk,Battlefords — Lloydminster,rosemarie_falk
Conservative,Frank Fang,Spadina — Fort York,
Conservative,Ed Fast,Abbotsford,HonEdFast
Conservative,Kimberly Fawcett,Scarborough Southwest,KimberlyFawcett
Conservative,Martin Ferron,Abitibi — Baie-James — Nunavik — Eeyou,
Conservative,Kerry-Lynne Findlay,South Surrey — White Rock,KerryLynneFindl
Conservative,Diane Finley,Haldimand — Norfolk,dianefinleymp
Conservative,Sarah Fischer,Don Valley North,SarahFischerDVN
Conservative,Larry Flemming,Labrador,Larry4Labrador
Conservative,Michael Forian,Ville-Marie — Le Sud-Ouest — Île-des-Soeurs,ForianVM
Conservative,Marie Claude Fournier,Thérèse-De Blainville,
Conservative,Nelson Fox,Madawaska — Restigouche,
Conservative,Jocelyn Fradette,Lac-Saint-Jean,
Conservative,Ann Francis,Lac-Saint-Louis,
Conservative,Philippe Gagnon,Jonquière,
Conservative,Cheryl Gallant,Renfrew — Nipissing — Pembroke,cherylgallant
Conservative,Bernard Généreux,Montmagny — L’Islet — Kamouraska — Rivière-du-Loup,GenereuxBernard
Conservative,Garnett Genuis,Sherwood Park — Fort Saskatchewan,GarnettGenuis
Conservative,Marilyn Gladu,Sarnia — Lambton,MPMarilynGladu
Conservative,Joël Godin,Portneuf — Jacques-Cartier,Pjcjoelgodin
Conservative,Sylvie Godin-Charest,Moncton — Riverview — Dieppe,sgc555
Conservative,Sylvie Goneau,Gatineau,
Conservative,Pawanjit Gosal,Brampton Centre,
Conservative,Jacques Gourde,Lévis — Lotbinière,
Conservative,Tracy Gray,Kelowna — Lake Country,TracyGrayKLC
Conservative,Serge Grégoire,Laurentides — Labelle,SergeGregoire
Conservative,Kraymr Grenke,Timmins — James Bay,
Conservative,Marie-Josée Guérette,Louis-Hébert,
Conservative,Rachael Harder,Lethbridge,RachaelHarderMP
Conservative,John Hirst,Nanaimo — Ladysmith,JohnHirst2019
Conservative,Glenn Hoa,Brossard — Saint-Lambert,
Conservative,Randy Hoback,Prince Albert,MPRandyHoback
Conservative,Bruce Holland,Halifax,
Conservative,Byron Horner,Courtenay — Alberni,byron4CA
Conservative,Sean Hu,Scarborough — Agincourt,SeanHuCPC
Conservative,Nicholas Insley,Coquitlam — Port Coquitlam,InsleyNicholas
Conservative,Mariam Ishak,Pierrefonds — Dollard,MariamIshakCPC
Conservative,Tamara Jansen,Cloverdale — Langley City,
Conservative,April Jeffs,Niagara Centre,April_Jeffs
Conservative,Matt Jeneroux,Edmonton Riverbend,jeneroux
Conservative,Andrea Johnson,Fredericton,
Conservative,Nikki Kaur,Hamilton East — Stoney Creek,
Conservative,Sarabjit Kaur,Etobicoke North,electsarabjitk
Conservative,Alan Keeso,Kitchener South — Hespeler,AlanKeeso
Conservative,Pat Kelly,Calgary Rocky Ridge,PatKelly_MP
Conservative,Peter Kent,Thornhill,KentThornhillMP
Conservative,Arpan Khanna,Brampton North,ArpanKhanna
Conservative,Robert Kitchen,Souris — Moose Mountain,
Conservative,Tom Kmiec,Calgary Shepard,tomkmiec
Conservative,Helena Konanz,South Okanagan — West Kootenay,HelenaKonanz
Conservative,David Kong,Scarborough North,
Conservative,Micheal Kram,Regina — Wascana,MichaelKramSK
Conservative,Teresa Kruze,Vaughan — Woodbridge,
Conservative,Damien Kurek,Battle River — Crowfoot,
Conservative,Stephanie Kusie,Calgary Midnapore,StephanieKusie
Conservative,Aino Laamanen,Nickel Belt,
Conservative,Kathy Laframboise,Ahuntsic-Cartierville,https://www.facebook.com/KathyLaframboisePCC/
Conservative,Mike Lake,Edmonton — Wetaskiwin,MikeLakeMP
Conservative,Hugues Laplante,Châteauguay — Lacolle,
Conservative,Isabelle Lapointe,La Prairie,ilapointePCC
Conservative,Celine Laquerre,Dorval — Lachine — LaSalle,
Conservative,Bert Laranjo,Hamilton West — Ancaster — Dundas,BertLaranjo
Conservative,Cynthia Larivière,Salaberry — Suroît,
Conservative,Henry Lau,Windsor West,
Conservative,Philip Lawrence,Northumberland — Peterborough South,PLawrence2019
Conservative,Daniel Lee,Willowdale,DanielLeePC
Conservative,Catherine Lefebvre,Bourassa,
Conservative,Richard Lehoux,Beauce,
Conservative,Pierre Lemieux,Glengarry—Prescott—Russell,CPCLemieux
Conservative,Ryan Lester,Toronto Centre,
Conservative,Yves Lévesque,Trois-Rivières,
Conservative,Chris Lewis,Essex,ChrisLewisEssex
Conservative,Ron Liepert,Calgary Signal Hill,RonLiepert
Conservative,Sam Lilly,Edmonton Strathcona,sam_lilly1
Conservative,Wladyslaw Lizon,Mississauga East — Cooksville,wladyslawlizon
Conservative,Dane Lloyd,Sturgeon River — Parkland,DaneLIoyd
Conservative,Ben Lobb,Huron — Bruce,BenLobbMP
Conservative,Marie Louis-Seize,Argenteuil — La Petite-Nation,
Conservative,Jasmine Louras,Outremont,JasmineLouras
Conservative,Tom Lukiwski,Moose Jaw — Lake Centre — Lanigan,TomLukiwski
Conservative,Michael Ma,Don Valley East,MichaelMaCPC
Conservative,Roger MacKay,Central Nova,RogerMacKayCPC
Conservative,Dave Mackenzie,Oxford,DaveMacKenzieMP
Conservative,Alfie MacLeod,Cape Breton — Canso,
Conservative,Martha MacQuarrie,Kings — Hants,Martha4KH
Conservative,Larry Maguire,Brandon — Souris,LarryMaguireMP
Conservative,Melanie Maher,Winnipeg South,melanielmaher
Conservative,Ilario Maiolo,Saint-Léonard — Saint-Michel,IlarioMaioloPCC
Conservative,Christine Marcoux,Hochelaga,NAHochelagaC
Conservative,Richard Martel,Chicoutimi — Le Fjord,richardmartelpc
Conservative,Terry Martin,St. John’s South — Mount Pearl,
Conservative,Jean-Martin Masse,Joliette,
Conservative,Daniel Mazier,Dauphin — Swan River — Neepawa,MBDan7
Conservative,Justina McCaffrey,Kanata — Carleton,justinabridal
Conservative,Todd McCarthy,Whitby,ToddMcCarthyCPC
Conservative,Kelly McCauley,Edmonton West,KellyMcCauleyMP
Conservative,Phil McColeman,Brantford — Brant,Phil4Brant
Conservative,Greg McLean,Calgary Centre,GregMcLeanYYC
Conservative,Peggy McLean,Miramichi — Grand Lake,
Conservative,Logan McLellan,Egmont,loganmp2019
Conservative,Cathy McLeod,Kamloops — Thompson — Cariboo,Cathy_McLeod
Conservative,Jessy McNeil,Compton — Stanstead,
Conservative,Ghada Melek,Mississauga — Streetsville,ghada_melek
Conservative,Eric Melillo,Kenora,Eric_Melillo
Conservative,Costas Menegakis,Richmond Hill,CostasMenegakis
Conservative,Jane Michael,Burlington,
Conservative,Milad Mikael,Mississauga Centre,
Conservative,Maikel Mikhael,Rivière-des-Mille-Îles,
Conservative,Rob Moore,Fundy Royal,RobMoore_CPC
Conservative,Marty Morantz,Charleswood — St. James — Assiniboia — Headingley,marty_morantz
Conservative,Rob Morrison,Kootenay — Columbia,
Conservative,Glen Motz,Medicine Hat — Cardston — Warner,GlenMotz
Conservative,Cyma Musarat,Pickering — Uxbridge,cmusarat
Conservative,John Nater,Perth — Wellington,JohnNaterMP
Conservative,Nadirah Nazeer,Beaches—East York,NadirahNazeer
Conservative,Erin O’Toole,Durham,ErinOTooleMP
Conservative,Barry O’Brien,Etobicoke — Lakeshore,VoteBarry4EL
Conservative,Cameron Ogilive,Winnipeg North,
Conservative,Ted Opitz,Etobicoke Centre,TedOpitz
Conservative,Eddie Orrell,Sydney — Victoria,
Conservative,Jeremy Patzer,Cypress Hills — Grasslands,jp4cp
Conservative,Pierre Paul-Hus,Charlesbourg — Haute-Saint-Charles,PierrePaulHus
Conservative,Tom Pentefountas,Laval — Les Îles,
Conservative,Rick Perkins,South Shore — St. Margarets,
Conservative,Randall Pewarchuk,Esquimalt — Saanich — Sooke,
Conservative,Adam Pham,Parkdale–High Park,AdamPhamforMP
Conservative,Wayne Phelan,Cardigan,
Conservative,Jean-Pierre Pigeon,Gaspésie — Les Îles-de-la-Madeleine,JPierrePigeon
Conservative,Pierre Poilievre,Carleton,PierrePoilievre
Conservative,Mario Provencher,Abitibi — Témiscamingue,MarioProvenche1
Conservative,Frank Pullia,Thunder Bay — Superior North,frank_pullia
Conservative,Shinder Purewal,Fleetwood — Port Kells,ShinderPurewal
Conservative,Helen Quan,Vancouver Kingsway,
Conservative,Lisa Raitt,Milton,lraitt
Conservative,Jasveen Rattan,York South — Weston,jasveenrattan
Conservative,Claire Rattée,Skeena — Bulkley Valley,ClaireRattee
Conservative,Alain Rayes,Richmond — Arthabaska,AlainRayes
Conservative,Brad Redekopp,Saskatoon West,BradRedekopp
Conservative,Scott Reid,Lanark — Frontenac — Kingston,ScottReidCPC
Conservative,Michelle Rempel,Calgary Nose Hill,MichelleRempel
Conservative,Blake Richards,Banff — Airdrie,BlakeRichardsMP
Conservative,Anna Roberts,King–Vaughan,VoteRoberts_CPC
Conservative,Yvonne Robertson,Don Valley West,YRobertsonCa
Conservative,Stéphane Robichaud,Longueuil — Charles-LeMoyne,StefrobiCAQ
Conservative,Claudio Rocchi,LaSalle — Émard — Verdun,ClaudioRocchi1
Conservative,Lianne Rood,Lambton — Kent — Middlesex,Lianne_Rood
Conservative,Alex Ruff,Bruce — Grey — Owen Sound,AlexRuff17
Conservative,Linda Rydholm,Thunder Bay — Rainy River,
Conservative,Ashish Sachan,Guelph,
Conservative,Jagdeep Sahota,Calgary Skyview,
Conservative,Johanna Sarfati,Rosemont — La Petite-Patrie,
Conservative,Bob Saroya,Markham — Unionville,BobSaroya
Conservative,Julie Sauvageau,Montarville,
Conservative,Jamie Schmale,Haliburton — Kawartha Lakes — Brock,Jamie_Schmale
Conservative,Zach Segal,Vancouver Granville,vancouver_segal
Conservative,Richard Serour,Saint-Laurent,SerourRichard
Conservative,Dany Sévigny,Sherbrooke,
Conservative,Martin Shields,Bow River,MartinBowRiver
Conservative,Jay Shin,Burnaby South,jayshin2019
Conservative,Doug Shipley,Barrie — Springwater — Oro-Medonte,DougShipleyBSOM
Conservative,Fred Shuman,Halifax West,ForShuman
Conservative,Harpreet Singh,Surrey — Newton,harpreetcpc
Conservative,Ramona Singh,Brampton East,RamonaToday
Conservative,Bobby Singh,Scarborough — Rouge Park,
Conservative,Michael Skinner,Peterborough — Kawartha,mikeskinnerptbo
Conservative,Derek Sloan,Hastings — Lennox and Addington,DerekSloanCPC
Conservative,Jonas Smith,Yukon,jonasjsmith
Conservative,Liz Snelgrove,London West,LizSnelgroveCPC
Conservative,Gerald Soroka,Yellowhead,
Conservative,Sonny Spina,Sault Ste. Marie,SonnySpina
Conservative,Pierre St-Amant,Sudbury,
Conservative,Brian St. Louis,Nepean,BrianForNepean
Conservative,Bruce Stanton,Simcoe North,bruce_stanton
Conservative,Warren Steinley,Regina — Lewvan,WSteinley_SP
Conservative,Stephen Stewart,Malpeque,
Conservative,Mark Strahl,Chilliwack — Hope,markstrahl
Conservative,Shannon Stubbs,Lakeland,ShannonStubbsMP
Conservative,David Sweet,Flamborough — Glanbrook,DavidSweetMP
Conservative,Eli Tannis,Ottawa South,eli_tannis
Conservative,Hani Tawfilis,Mississauga — Erin Mills,VoteTawfilis
Conservative,Murarilal Thapliyal,Brampton West,thapliyalbw
Conservative,Martin Thibert,Saint-Jean,
Conservative,Quintus Thuraisingham,Scarborough — Guildwood,
Conservative,Helen-Claire Tingling,University — Rosedale,HCTingling
Conservative,Corey Tochor,Saskatoon — University,ctochor
Conservative,Lawrence Toet,Elmwood — Transcona,lawrencetoet
Conservative,David Tordjman,Mount Royal,
Conservative,Annie Trudel,Terrebonne,
Conservative,Jae Truesdell,Toronto — St. Paul’s,
Conservative,Tim Uppal,Edmonton Mill Woods,TimUppal
Conservative,Michael van Holst,London — Fanshawe,mikevanholst
Conservative,Tom Varughese,Mississauga — Malton,TomVarughese4
Conservative,Karen Vecchio,Elgin — Middlesex — London,karen_vecchio
Conservative,Megan Veck,New Westminster — Burnaby,MeganVeck
Conservative,Sophie Veilleux,Papineau,
Conservative,Gary Vidal,Desnethé — Missinippi — Churchill River,GaryAVidal
Conservative,Arnold Viersen,Peace River — Westlock,ArnoldViersen
Conservative,Brad Vis,Mission — Matsqui — Fraser Canyon,BradleyVis
Conservative,Cathay Wagantall,Yorkton — Melville,cathayw
Conservative,Krystina Waler,St. Catharines,KrystinaWaler
Conservative,Joedy Wall,St. John’s East,
Conservative,Chris Warkentin,Grande Prairie — Mackenzie,chriswarkentin
Conservative,Kevin Waugh,Saskatoon — Grasswood,KevinWaugh_CPC
Conservative,Len Webber,Calgary Confederation,Webber4Confed
Conservative,Sean Weir,Oakville North — Burlington,SeanWeirONB
Conservative,Rodney Weston,Saint John — Rothesay,rodneywestonsj
Conservative,John Williamson,New Brunswick Southwest,JohnW_NB
Conservative,Dave Williamson,Algoma — Manitoulin — Kapuskasing,
Conservative,Rachel Willson,York Centre,rachelbwillson
Conservative,Mike Windsor,Bonavista — Burin — Trinity,
Conservative,Alice Wong,Richmond Centre,AliceWongCanada
Conservative,Stephen Woodworth,Kitchener Centre,Woodworth1CPC
Conservative,Ruslan Yakoviychuk,Kingston and the Islands,RYakoviychuk
Conservative,Terence Young,Oakville,Young4Oakville
Conservative,Wai Young,Vancouver South,WaiYoung
Conservative,Alex Yuan,Markham — Thornhill,AlexyuanCPC
Conservative,David Yurdiga,Fort McMurray — Cold Lake,DavidYurdiga
Conservative,Jerry Zhang,Waterloo,jerryzwaterloo
Conservative,Bob Zimmer,Prince George — Peace River — Northern Rockies,bobzimmermp